Player,Nation,Pos,Born
Antonio Adán,es ESP,GK,1987
René Adler,de GER,GK,1985
Adrián,es ESP,GK,1987
Ryan Allsop,eng ENG,GK,1992
Sergio Álvarez,es ESP,GK,1986
Diego Alves,br BRA,GK,1985
Jon Ander Serantes,es ESP,GK,1989
Miguel Ángel Moyá,es ESP,GK,1984
Markel Areitio,es ESP,GK,1996
Alphonse Areola,fr FRA,GK,1993
Kepa Arrizabalaga,es ESP,GK,1994
Sergio Asenjo,es ESP,GK,1989
Emil Audero,it ITA,GK,1997
Loic Badiashile,fr FRA,GK,1998
Diego Barrios,es ESP,GK,1994
Oliver Baumann,de GER,GK,1990
Asmir Begović,ba BIH,GK,1987
Diego Benaglio,ch SUI,GK,1983
Walter Benítez,ar ARG,GK,1993
Etrit Berisha,al ALB,GK,1989
Albano Bizzarri,ar ARG,GK,1977
Rubén Blanco,es ESP,GK,1995
Artur Boruc,pl POL,GK,1980
Denys Boyko,ua UKR,GK,1988
Claudio Bravo,cl CHI,GK,1983
Alberto Brignoli,it ITA,GK,1991
Gianluigi Buffon,it ITA,GK,1978
Roman Bürki,ch SUI,GK,1990
Jack Butland,eng ENG,GK,1993
Willy Caballero,ar ARG,GK,1981
Rafael Cabral,br BRA,GK,1990
Yoan Cardinale,fr FRA,GK,1994
Cédric Carrasso,fr FRA,GK,1981
Kiko Casilla,es ESP,GK,1986
Koen Casteels,be BEL,GK,1992
Joel Castro Pereira,pt POR,GK,1996
Petr Čech,cz CZE,GK,1982
Nereo Champagne,ar ARG,GK,1985
Paul Charruau,fr FRA,GK,1993
Sergei Chernik,by BLR,GK,1988
Jasper Cillessen,nl NED,GK,1989
Fabio Coltorti,ch SUI,GK,1980
Andrea Consigli,it ITA,GK,1987
Alex Cordaz,it ITA,GK,1983
Angelo da Costa Júnior,br BRA,GK,1983
Benoît Costil,fr FRA,GK,1987
Thibaut Courtois,be BEL,GK,1992
Luca Crosta,it ITA,GK,1998
Iván Cuéllar,es ESP,GK,1984
Morgan De Sanctis,it ITA,GK,1977
Paul Delecroix,fr FRA,GK,1988
Thomas Didillon,fr FRA,GK,1995
Jaume Doménech,es ESP,GK,1990
Gianluigi Donnarumma,it ITA,GK,1999
Bartłomiej Drągowski,pl POL,GK,1997
Matthieu Dreyer,fr FRA,GK,1989
Jaroslav Drobný,cz CZE,GK,1979
Maxime Dupé,fr FRA,GK,1993
Vincent Enyeama,ng NGA,GK,1982
Michael Esser,de GER,GK,1987
Łukasz Fabiański,pl POL,GK,1985
Ralf Fährmann,de GER,GK,1988
Adam Federici,au AUS,GK,1985
Álvaro Fernández,es ESP,GK,1998
Andrés Fernández,es ESP,GK,1986
Mario Fernández,es ESP,GK,1988
Marco Festa,it ITA,GK,1992
Vincenzo Fiorillo,it ITA,GK,1990
Fraser Forster,eng ENG,GK,1988
Ben Foster,eng ENG,GK,1983
Andrea Fulignati,it ITA,GK,1994
Gabriel,br BRA,GK,1992
David de Gea,es ESP,GK,1990
Dani Giménez,es ESP,GK,1983
Shay Given,ie IRL,GK,1976
Mauro Goicoechea,uy URU,GK,1988
Pierluigi Gollini,it ITA,GK,1995
Heurelho Gomes,br BRA,GK,1981
Mathieu Gorgelin,fr FRA,GK,1990
Lee Grant,eng ENG,GK,1983
Théo Guivarch,fr FRA,GK,1995
Péter Gulácsi,hu HUN,GK,1990
Brad Guzan,us USA,GK,1984
Samir Handanović,si SVN,GK,1984
Martin Hansen,dk DEN,GK,1990
Joe Hart,eng ENG,GK,1987
Tom Heaton,eng ENG,GK,1986
Wayne Hennessey,wal WAL,GK,1987
Iago Herrerín,es ESP,GK,1988
Daniel Heuer Fernandes,pt POR,GK,1992
Marwin Hitz,ch SUI,GK,1987
Timo Horn,de GER,GK,1993
Lukáš Hrádecký,fi FIN,GK,1989
Jannik Huth,de GER,GK,1994
Gorka Iraizoz,es ESP,GK,1981
Eldin Jakupović,ch SUI,GK,1984
Rune Jarstein,no NOR,GK,1984
Karl-Johan Johnsson,se SWE,GK,1990
Geoffrey Jourdren,fr FRA,GK,1986
Carlos Kameni,cm CMR,GK,1984
Loris Karius,de GER,GK,1993
Orestis Karnezis,gr GRE,GK,1985
Eiji Kawashima,jp JPN,GK,1983
Thomas Kessler,de GER,GK,1986
Alban Lafont,fr FRA,GK,1999
Eugenio Lamanna,it ITA,GK,1989
Jean-Louis Leca,fr FRA,GK,1985
Benjamin Lecomte,fr FRA,GK,1991
Bernd Leno,de GER,GK,1992
Benjamin Leroy,fr FRA,GK,1989
Alexandre Letellier,fr FRA,GK,1990
Luca Lezzerini,it ITA,GK,1995
Heinz Lindner,at AUT,GK,1990
Raúl Lizoain,es ESP,GK,1991
Hugo Lloris,fr FRA,GK,1986
Anthony Lopes,pt POR,GK,1990
Diego López,es ESP,GK,1981
Jonas Lössl,dk DEN,GK,1989
Andreas Luthe,de GER,GK,1987
Germán Lux,ar ARG,GK,1982
Mike Maignan,fr FRA,GK,1995
Anthony Maisonnial,fr FRA,GK,1998
Steve Mandanda,fr FRA,GK,1985
Vito Mannone,it ITA,GK,1988
Federico Marchetti,it ITA,GK,1983
Diego Mariño,es ESP,GK,1990
David Marshall,sco SCO,GK,1985
Emiliano Martínez,ar ARG,GK,1992
Christian Mathenia,de GER,GK,1992
Mathieu Michel,fr FRA,GK,1991
Tom Mickel,de GER,GK,1989
Simon Mignolet,be BEL,GK,1988
Antonio Mirante,it ITA,GK,1983
Jessy Moulin,fr FRA,GK,1986
Sven Müller,de GER,GK,1996
Guy N'dy Assembé,cm CMR,GK,1986
Keylor Navas,cr CRC,GK,1986
Neto,br BRA,GK,1989
Manuel Neuer,de GER,GK,1986
Kristoffer Nordfeldt,se SWE,GK,1989
Ørjan Nyland,no NOR,GK,1990
David Oberhauser,fr FRA,GK,1990
Jan Oblak,si SVN,GK,1993
Guillermo Ochoa,mx MEX,GK,1985
Adrián Ortolá,es ESP,GK,1993
David Ospina,co COL,GK,1988
Juan Pablo Carrizo,ar ARG,GK,1984
Fernando Pacheco,es ESP,GK,1992
Daniele Padelli,it ITA,GK,1985
Costel Pantilimon,ro ROU,GK,1987
Alberto Pelagotti,it ITA,GK,1989
Yohann Pelé,fr FRA,GK,1982
Nauzet Pérez,es ESP,GK,1985
Mattia Perin,it ITA,GK,1992
Denis Petrić,rs SRB,GK,1988
Jordan Pickford,eng ENG,GK,1994
Laurent Pionnier,fr FRA,GK,1982
Josip Posavec,hr CRO,GK,1996
Jérôme Prior,fr FRA,GK,1995
Christian Puggioni,it ITA,GK,1981
Rafael,br BRA,GK,1982
Darren Randolph,ie IRL,GK,1987
Pepe Reina,es ESP,GK,1982
Paul Reulet,fr FRA,GK,1994
Baptiste Reynet,fr FRA,GK,1990
Sergio Rico,es ESP,GK,1993
Asier Riesgo,es ESP,GK,1983
Rémy Riou,fr FRA,GK,1987
Roberto,es ESP,GK,1986
Paul Robinson,eng ENG,GK,1979
Joel Robles,es ESP,GK,1990
Davy Roef,be BEL,GK,1994
Sergio Romero,ar ARG,GK,1987
Rubinho,br BRA,GK,1982
Stéphane Ruffier,fr FRA,GK,1986
Gerónimo Rulli,ar ARG,GK,1992
Mathew Ryan,au AUS,GK,1992
Romain Salin,fr FRA,GK,1984
Kasper Schmeichel,dk DEN,GK,1986
Alexander Schwolow,de GER,GK,1992
Simone Scuffet,it ITA,GK,1996
Andrea Seculin,it ITA,GK,1990
Salvatore Sirigu,it ITA,GK,1987
Łukasz Skorupski,pl POL,GK,1991
Yann Sommer,ch SUI,GK,1988
David Soria,es ESP,GK,1993
Stefano Sorrentino,it ITA,GK,1979
Marco Sportiello,it ITA,GK,1992
Tom Starke,de GER,GK,1981
Maarten Stekelenburg,nl NED,GK,1982
Marco Storari,it ITA,GK,1977
Thomas Strakosha,al ALB,GK,1995
Danijel Subašić,hr CRO,GK,1984
Seydou Sy,sn SEN,GK,1995
Wojciech Szczęsny,pl POL,GK,1990
Ciprian Tătărușanu,ro ROU,GK,1986
Marc-André ter Stegen,de GER,GK,1992
Alexis Thébaux,fr FRA,GK,1985
Kevin Trapp,de GER,GK,1990
Przemysław Tytoń,pl POL,GK,1987
Sven Ulreich,de GER,GK,1988
Víctor Valdés,es ESP,GK,1982
Javi Varas,es ESP,GK,1982
Ivan Vargić,hr CRO,GK,1987
Rémy Vercoutre,fr FRA,GK,1980
Iván Villar,es ESP,GK,1997
Thomas Vincensini,fr FRA,GK,1993
Emiliano Viviano,it ITA,GK,1985
Michel Vorm,nl NED,GK,1983
Roman Weidenfeller,de GER,GK,1980
Felix Wiedwald,de GER,GK,1990
Yoel,es ESP,GK,1988
Ron-Robert Zieler,de GER,GK,1989
Rúnar Alex Rúnarsson,is ISL,GK,1995
Alisson,br BRA,GK,1992
Bobby Allain,fr FRA,GK,1991
Francesco Bardi,it ITA,GK,1992
Paul Bernardoni,fr FRA,GK,1997
Dimitry Bertaud,fr FRA,GK,1998
Marcus Bettinelli,eng ENG,GK,1992
Zacharie Boucher,fr FRA,GK,1992
Yassine Bounou,ma MAR,GK,1991
Fabian Bredlow,de GER,GK,1995
Ludovic Butelle,fr FRA,GK,1983
David Button,eng ENG,GK,1989
Marc-Aurèle Caillard,fr FRA,GK,1994
Leandro Chichizola,ar ARG,GK,1990
Joel Coleman,eng ENG,GK,1995
Alessio Cragno,it ITA,GK,1994
Abdoulaye Diallo,sn SEN,GK,1992
Javier Díaz,es ESP,GK,1997
Stole Dimitrievski,mk MKD,GK,1993
Marko Dmitrović,rs SRB,GK,1992
Martin Dúbravka,sk SVK,GK,1989
Ederson,br BRA,GK,1993
Neil Etheridge,ph PHI,GK,1990
Fabricio,es ESP,GK,1987
Aitor Fernández,es ESP,GK,1991
Mark Flekken,nl NED,GK,1993
Pierluigi Frattali,it ITA,GK,1985
Alberto García,es ESP,GK,1985
Paulo Gazzaniga,ar ARG,GK,1992
Fabian Giefer,de GER,GK,1990
Alfred Gomis,sn SEN,GK,1993
Vicente Guaita,es ESP,GK,1987
Guido Guerrieri,it ITA,GK,1996
Angus Gunn,eng ENG,GK,1996
Régis Gurtner,fr FRA,GK,1986
Ben Hamer,eng ENG,GK,1987
Salvador Ichazo,uy URU,GK,1992
Jandrei,br BRA,GK,1993
Aleksandar Jovanović,rs SRB,GK,1992
Stefanos Kapino,gr GRE,GK,1994
Gregor Kobel,ch SUI,GK,1997
Tomáš Koubek,cz CZE,GK,1992
Thomas Kraft,de GER,GK,1988
Pau López,es ESP,GK,1994
Andriy Lunin,ua UKR,GK,1999
Jordi Masip,es ESP,GK,1989
Alex McCarthy,eng ENG,GK,1989
Edouard Mendy,sn SEN,GK,1992
Alex Meret,it ITA,GK,1997
Vanja Milinković-Savić,rs SRB,GK,1997
Florian Müller,de GER,GK,1997
Juan Musso,ar ARG,GK,1994
Yvon Mvogo,ch SUI,GK,1994
Will Norris,eng ENG,GK,1993
Alexander Nübel,de GER,GK,1996
Oier Olazábal,es ESP,GK,1989
Alexandre Olliero,fr FRA,GK,1996
Robin Olsen,se SWE,GK,1990
Ramazan Özcan,at AUT,GK,1984
Rui Patrício,pt POR,GK,1988
Jiří Pavlenka,cz CZE,GK,1992
Gianluca Pegolo,it ITA,GK,1981
Pavao Pervan,at AUT,GK,1987
Carlo Pinsoglio,it ITA,GK,1990
Luca Plogmann,de GER,GK,2000
Giacomo Poluzzi,it ITA,GK,1988
Gaëtan Poussin,fr FRA,GK,1999
Silvio Proto,be BEL,GK,1983
Ivan Provedel,it ITA,GK,1994
Ionuț Radu,ro ROU,GK,1997
Michael Rensing,de GER,GK,1984
Francesco Rossi,it ITA,GK,1991
John Ruddy,eng ENG,GK,1986
Frederik Rønnow,dk DEN,GK,1992
Samuel Şahin-Radlinger,at AUT,GK,1992
Brice Samba,cg CGO,GK,1994
Roberto Santamaría,es ESP,GK,1985
Matz Sels,be BEL,GK,1992
Adrian Šemper,hr CRO,GK,1998
Luigi Sepe,it ITA,GK,1991
Unai Simón,es ESP,GK,1997
Antonio Sivera,es ESP,GK,1996
Juan Soriano,es ESP,GK,1997
Julián Speroni,ar ARG,GK,1979
Pietro Terracciano,it ITA,GK,1990
Mark Travers,ie IRL,GK,1999
Philipp Tschauner,de GER,GK,1985
Tomáš Vaclík,cz CZE,GK,1989
Koke Vegas,es ESP,GK,1995
Axel Werner,ar ARG,GK,1996
Robin Zentner,de GER,GK,1994
Luca Zidane,fr FRA,GK,1998
Nícolas Andrade,br BRA,GK,1988
Mariano Barbosa,ar ARG,GK,1984
Vid Belec,si SVN,GK,1990
Quentin Beunardeau,fr FRA,GK,1994
Landry Bonnefoi,fr FRA,GK,1983
Jean-Christophe Bouet,fr FRA,GK,1983
Karl Darlow,eng ENG,GK,1990
Rob Elliot,ie IRL,GK,1986
Raúl Fernández,es ESP,GK,1988
Rafał Gikiewicz,pl POL,GK,1987
Bingourou Kamara,sn SEN,GK,1996
Hervé Koffi,bf BFA,GK,1996
Maksym Koval,ua UKR,"GK,MF",1992
Pedro López,es ESP,GK,1995
Raïs M'Bolhi,dz ALG,GK,1986
Gabriele Marchegiani,it ITA,GK,1996
Boaz Myhill,wal WAL,GK,1982
Alexandre Oukidja,dz ALG,GK,1988
Julian Pollersbeck,de GER,GK,1994
Nick Pope,eng ENG,GK,1992
Andrés Prieto,es ESP,GK,1993
Toño Ramírez,es ESP,GK,1986
Rubén,es ESP,GK,1984
Mamadou Samassa,ml MLI,GK,1990
Antonio Santurro,it ITA,GK,1992
Marco Silvestri,it ITA,GK,1991
Tobias Sippel,de GER,GK,1988
Francis Uzoho,ng NGA,GK,1998
Erwin Zelazny,fr FRA,GK,1991
Enrico Alfonso,it ITA,GK,1988
Lorenzo Andrenacci,it ITA,GK,1995
Stefan Bajic,fr FRA,GK,2001
Federico Brancolini,it ITA,GK,2001
Marcin Bułka,pl POL,GK,1999
Matis Carvalho,pt POR,GK,1999
Churripi,es ESP,GK,1994
Yannis Clementia,fr FRA,GK,1997
Simone Colombi,it ITA,GK,1991
Lucas Dias,fr FRA,GK,1999
Aarón Escandell,es ESP,GK,1995
Wladimiro Falcone,it ITA,GK,1995
Daniel Fuzato,br BRA,GK,1997
Dean Henderson,eng ENG,GK,1997
Sergio Herrera,es ESP,GK,1993
Jesse Joronen,fi FIN,GK,1993
Lovre Kalinić,hr CRO,GK,1990
Florian Kastenmeier,de GER,GK,1997
Tim Krul,nl NED,GK,1988
Gautier Larsonneur,fr FRA,GK,1997
Nicolas Lemaître,fr FRA,GK,1997
Donovan Léon,gf GUF,GK,1992
Karlo Letica,hr CRO,GK,1997
Daniel Martín,es ESP,GK,1998
David Martin,eng ENG,GK,1986
Michael McGovern,nir NIR,GK,1984
Simon Moore,eng ENG,GK,1990
Moritz Nicolas,de GER,GK,1997
Miquel Parera,es ESP,GK,1996
Philipp Pentke,de GER,GK,1985
Juan Pérez,es ESP,GK,1996
Samu Pérez,es ESP,GK,1997
Danijel Petković,me MNE,GK,1993
Boris Radunović,rs SRB,GK,1996
Predrag Rajković,rs SRB,GK,1995
Aaron Ramsdale,eng ENG,GK,1998
Manolo Reina,es ESP,GK,1985
Álex Remiro,es ESP,GK,1995
Antonio Rosati,it ITA,GK,1983
Markus Schubert,de GER,GK,1998
Rui Silva,pt POR,GK,1994
Dennis Smarsch,de GER,GK,1999
Jed Steer,eng ENG,GK,1992
Zack Steffen,us USA,GK,1995
Demba Thiam,sn SEN,GK,1998
Niclas Thiede,de GER,GK,1999
Stefano Turati,it ITA,GK,2001
Samir Ujkani,xk KVX,GK,1988
Mauro Vigorito,it ITA,GK,1990
Leopold Zingerle,de GER,GK,1994
Saturnin Allagbé,bj BEN,GK,1993
Ángel,es ESP,GK,2002
Édgar Badía,es ESP,GK,1992
Cárdenas,es ESP,GK,1997
Sébastien Cibois,fr FRA,GK,1998
Alberto Cifuentes,es ESP,GK,1979
Finn Dahmen,de GER,GK,1998
Yehvann Diouf,fr FRA,GK,1999
Wuilker Faríñez,ve VEN,GK,1998
David Gil,es ESP,GK,1994
Lennart Grill,de GER,GK,1999
Sam Johnstone,eng ENG,GK,1993
Caoimhín Kelleher,ie IRL,GK,1998
Michael Langer,at AUT,GK,1985
Jeremías Ledesma,ar ARG,GK,1993
Niklas Lomb,de GER,GK,1993
Radosław Majecki,pl POL,GK,1999
Illan Meslier,fr FRA,GK,2000
Lorenzo Montipò,it ITA,GK,1996
Paul Nardi,fr FRA,GK,1994
Jonas Omlin,ch SUI,GK,1994
Stefan Ortega,de GER,GK,1992
Alberto Paleari,it ITA,GK,1992
Bailey Peacock-Farrell,nir NIR,GK,1996
Anthony Racioppi,ch SUI,GK,1998
Federico Ravaglia,it ITA,GK,1999
Marek Rodák,sk SVK,GK,1996
Rubén,es ESP,"GK,MF",1984
Robert Sánchez,es ESP,GK,1997
João Virgínia,pt POR,GK,1999
Rubén Yáñez,es ESP,GK,1993
Jeroen Zoet,nl NED,GK,1991
